{
    "orders" : [
        {
            "orderNo": "ORD123456",
            "contactName": "John Doe",
            "orderDate": "2024-02-15T10:30:00Z",
            "itemsOrdered": [
              {
                "itemNo": "ITM001",
                "name": "Product A",
                "quantity": 2,
                "price": 10.99,
                "itemValue": 21.98
              },
              {
                "itemNo": "ITM002",
                "name": "Product B",
                "quantity": 1,
                "price": 5.99,
                "itemValue": 5.99
              }
            ],
            "orderTotal": 27.97,
            "taxTotal": 2.50,
            "grandTotal": 30.47
        },

        {
            "orderNo": "ORD789012",
            "contactName": "Alice Smith",
            "orderDate": "2024-02-15T11:45:00Z",
            "itemsOrdered": [
              {
                "itemNo": "ITM003",
                "name": "Product C",
                "quantity": 3,
                "price": 8.49,
                "itemValue": 25.47
              },
              {
                "itemNo": "ITM004",
                "name": "Product D",
                "quantity": 1,
                "price": 12.99,
                "itemValue": 12.99
              },
              {
                "itemNo": "ITM005",
                "name": "Product E",
                "quantity": 2,
                "price": 6.79,
                "itemValue": 13.58
              }
            ],
            "orderTotal": 52.04,
            "taxTotal": 4.68,
            "grandTotal": 56.72
          },

          {
            "orderNo": "ORD789013",
            "contactName": "Alice Smith",
            "orderDate": "2024-02-15T11:45:00Z",
            "itemsOrdered": [
              {
                "itemNo": "ITM003",
                "name": "Product C",
                "quantity": 3,
                "price": 8.49,
                "itemValue": 25.47
              }
              
            ],
            "orderTotal": 52.04,
            "taxTotal": 4.68,
            "grandTotal": 56.72
          },
          {
            "orderNo": "ORD789014",
            "contactName": "Alice Smith",
            "orderDate": "2024-02-15T11:45:00Z",
            "itemsOrdered": [
              {
                "itemNo": "ITM003",
                "name": "Product C",
                "quantity": 3,
                "price": 8.49,
                "itemValue": 25.47
              }
              
            ],
            "orderTotal": 52.04,
            "taxTotal": 4.68,
            "grandTotal": 56.72
          },
          {
            "orderNo": "ORD789015",
            "contactName": "Alice Smith",
            "orderDate": "2024-02-15T11:45:00Z",
            "itemsOrdered": [
              {
                "itemNo": "ITM003",
                "name": "Product C",
                "quantity": 3,
                "price": 8.49,
                "itemValue": 25.47
              }
              
            ],
            "orderTotal": 52.04,
            "taxTotal": 4.68,
            "grandTotal": 56.72
          }

          
          
    ]
}